1,Juan,francis12321,dudemcwaffle@gmail.com,4661017079
2,Pedro,camilo12312,correo@gmail.com,4661017080
3,Paco,contrasena3,1@gmail.com,4661017081
4,Pepe,pass123,2@gmail.com,4661017082
5,Dante,waffle123,3@hotmail.com,4661017083
6,Alex,johncena00,21341@yahoo.mx,4661017084
7,Paulo,cenajohn1,correoqlo@prodigy.net,4661017085
8,Andrés,123tamarindo,bivfsaokds@hotmail.com,4661017086
9,Manuel,holaamigos1,sadsada@dgmail.com,4661017087
10,Ramona,huehuehue3,dantemaxflores@gmail.com,4661017088
11,Eugenio,xhderbez2,otrocorreoqlo@live.com,4661017089
12,Rodrigo,qwerty1,dasda@hotmail.com,4661017090
13,Kevin,5ofnovembah,rafs@gmail.com,4661017091
14,Carlos,c0ntr4s3n4,1231@yahoo.mx,4661017092
15,Ramon,0v3rdr1v3,1@gmail.com,4661017093
16,Abraham,k1llb1ll,dudemcwaffle@gmail.com,4661017094
17,Paulina,lulz23121,correo@gmail.com,4661017095
18,Andrea,roca1231321,dudemcwaffle@gmail.com,4661017096
19,Juana,hockey,correo@gmail.com,4661017097
20,Marisol,robertdowneyjr1232131,1@gmail.com,4661017098
,,,,
